<?xml version="1.0"?>
<!DOCTYPE book PUBLIC "-//OASIS//DTD DocBook XML V4.2//EN" "http://www.oasis-open.org/docbook/xml/4.2/docbookx.dtd" [
  <!ENTITY tex "TeX">
  <!ENTITY latex "LaTeX">
]>
<book id="cync.xml" lang="en">
  <title>cync - simple file transfer tool</title>
  <para>
    With cync you can easily retrieve files via HTTP (more will follow). 
    That's not special. But cync creates a checksum file and can therefor 
    detect transmission errors and correct them. 
    Sort of rsync/zshare but simpler ;-)
  </para>
  <para>
    Example:
    If you have downloaded some large (several GB) via HTTP and you believe 
    this file is somehow defect, the provider of the original file can give you 
    the .cync-file he has created from the original. This .cync-file is small 
    and contains block hashes. With this file you (with the help of cync) can 
    repair your local copy with downloading the defect blocks of the file.
    With large downloads over (not so fast) Internet connections cync can save 
    bandwidth, time and nerves. 
  </para>
  
  <chapter>
    <title>Usage</title>
    <para>
      To create .cync file of a sample file, say data.dat:
      <screen>java -jar cync.jar create data.dat</screen>

      cync will then create a data.dat.cync file that contains the block hashes.
      You can check an already downloaded file against a .cync file:

      <screen>java -jar cync.jar verify data.dat data.dat.cync</screen>

      Or you can repair the file:

      <screen>java -jar cync.jar repair broken.file original.file.cync http://myserver.com/xy/original.file</screen>

      Please note that cync is currently not optimized for speed so some 
      operations on large files can take some time.
    </para>
  </chapter>

  <chapter label="2">
    <title>Download and Requirements</title>
    <para>
      See <ulink url="files/">Files Section</ulink> for available binary or source
      packages.
    </para>
    <para>
      cync needs a Java 1.5 compatible Runtime Environment which should be available for nearly all platforms.
    </para>
  </chapter>

  <chapter label="3">
    <title>Frequently Asked Questions (FAQ)</title>
    <para>
      <emphasis role="bold">
        I found a bug in the program or in the manual. What can I do?
      </emphasis>
      You can write mail to one of the authors (see below) or you can file an 
      issue to the <ulink url="http://bugs.xerxys.info/">Bugtracker</ulink>. 
      Using the bugtracker requires a small (free) registration, so you can 
      keep track of your reported bugs.
    </para>
    <para>
      <emphasis role="bold">Which protocols are supported by cync?</emphasis>
      cync currently supports HTTP, HTTPS and FSP.
    </para>
  </chapter>

  <chapter label="4">
    <title>Development</title>
    <para>
      You're welcome to create patches with bugfixes or additional features. 
      The Mercurial DSCM makes this step an easy task.
    </para>
    <para>
      Just clone the public 
      <ulink url="http://www.selenic.com/mercurial/">Mercurial</ulink> repository:
    </para>
    <screen>hg clone http://bitbucket.org/cli/cync cync-stable-hg</screen>
    <para>
      Then make your changes, create a bundle of changesets and send this to me via email.
      Or use the "pull request" functionality on the 
      <ulink url="http://bitbucket.org/">BitBucket website</ulink>.
      Note that the repository mentioned above contains the stable branch with
      little updates. Recent development is done on other branched/forked
      repositories, e.g. the cync-* <ulink url="http://bitbucket.org/cli">here</ulink>.
    </para>

    <sect1 label="4.1">
      <title>Contributors</title>
      <para>
        Maintainer and project lead:
        Christian Lins (contact christian.lins (at) fh-osnabrueck.de)
      </para>
      <para>
        Packaging and bugfixes: Jens Mühlenhoff
      </para>
    </sect1>

  </chapter>

</book>
